{
    "count":{
        "year":8128.0,
        "selling_price":8128.0,
        "km_driven":8128.0,
        "mileage":7907.0,
        "engine":7907.0,
        "max_power":7912.0,
        "seats":7907.0
    },
    "mean":{
        "year":2013.8040108268,
        "selling_price":638271.8077017716,
        "km_driven":69819.5108267717,
        "mileage":19.4187833565,
        "engine":1458.6250158088,
        "max_power":91.5179189838,
        "seats":5.4167193626
    },
    "std":{
        "year":4.0442487537,
        "selling_price":806253.4035082319,
        "km_driven":56550.5549582192,
        "mileage":4.0371450568,
        "engine":503.9163029923,
        "max_power":35.8224987347,
        "seats":0.9595875202
    },
    "min":{
        "year":1983.0,
        "selling_price":29999.0,
        "km_driven":1.0,
        "mileage":0.0,
        "engine":624.0,
        "max_power":0.0,
        "seats":2.0
    },
    "25%":{
        "year":2011.0,
        "selling_price":254999.0,
        "km_driven":35000.0,
        "mileage":16.78,
        "engine":1197.0,
        "max_power":68.05,
        "seats":5.0
    },
    "50%":{
        "year":2015.0,
        "selling_price":450000.0,
        "km_driven":60000.0,
        "mileage":19.3,
        "engine":1248.0,
        "max_power":82.0,
        "seats":5.0
    },
    "75%":{
        "year":2017.0,
        "selling_price":675000.0,
        "km_driven":98000.0,
        "mileage":22.32,
        "engine":1582.0,
        "max_power":102.0,
        "seats":5.0
    },
    "max":{
        "year":2020.0,
        "selling_price":10000000.0,
        "km_driven":2360457.0,
        "mileage":42.0,
        "engine":3604.0,
        "max_power":400.0,
        "seats":14.0
    },
    "variance":{
        "year":16.3559479817,
        "selling_price":650044550668.6077880859,
        "km_driven":3197965266.082570076,
        "mileage":16.2985402094,
        "engine":253931.6404214359,
        "max_power":1283.2514155999,
        "seats":0.920808209
    },
    "skewness":{
        "year":-1.0722928936,
        "selling_price":4.1935334407,
        "km_driven":11.1709097835,
        "mileage":-0.142667454,
        "engine":1.1352691298,
        "max_power":1.6212607481,
        "seats":1.9699140808
    },
    "kurtosis":{
        "year":1.7070125882,
        "selling_price":21.0812890122,
        "km_driven":384.0974138946,
        "mileage":0.5698197906,
        "engine":0.732506897,
        "max_power":3.784480549,
        "seats":3.7995093005
    }
}