{
    "Ridge": {
        "model_name": "Ridge",
        "rmse": 0.3971689920438459,
        "mse": 0.15774320824112456,
        "mae": 0.3039907980535985,
        "mape": 1.4087913830482532
    },
    "XGBoost": {
        "model_name": "XGBoost",
        "rmse": 0.23279794013745525,
        "mse": 0.0541948809322422,
        "mae": 0.17579653673422685,
        "mape": 0.9005270184233722
    },
    "LightGBM": {
        "model_name": "LightGBM",
        "rmse": 0.30602506245900035,
        "mse": 0.09365133885303507,
        "mae": 0.22994852481097863,
        "mape": 1.1721760215302426
    },
    "RandomForest": {
        "model_name": "RandomForest",
        "rmse": 0.30092294605347764,
        "mse": 0.09055461946150421,
        "mae": 0.22692895574273494,
        "mape": 1.1187194031176313
    }
}