,Missing Values,Percentage
mileage,221,2.718996062992126
engine,221,2.718996062992126
max_power,216,2.65748031496063
torque,222,2.731299212598425
seats,221,2.718996062992126
