{
    "year":{
        "count":8128.0,
        "mean":2013.8040108268,
        "std":4.0442487537,
        "min":1983.0,
        "25%":2011.0,
        "50%":2015.0,
        "75%":2017.0,
        "max":2020.0
    },
    "selling_price":{
        "count":8128.0,
        "mean":638271.8077017716,
        "std":806253.4035082319,
        "min":29999.0,
        "25%":254999.0,
        "50%":450000.0,
        "75%":675000.0,
        "max":10000000.0
    },
    "km_driven":{
        "count":8128.0,
        "mean":69819.5108267717,
        "std":56550.5549582192,
        "min":1.0,
        "25%":35000.0,
        "50%":60000.0,
        "75%":98000.0,
        "max":2360457.0
    },
    "mileage":{
        "count":7907.0,
        "mean":19.4187833565,
        "std":4.0371450568,
        "min":0.0,
        "25%":16.78,
        "50%":19.3,
        "75%":22.32,
        "max":42.0
    },
    "engine":{
        "count":7907.0,
        "mean":1458.6250158088,
        "std":503.9163029923,
        "min":624.0,
        "25%":1197.0,
        "50%":1248.0,
        "75%":1582.0,
        "max":3604.0
    },
    "max_power":{
        "count":7912.0,
        "mean":91.5179189838,
        "std":35.8224987347,
        "min":0.0,
        "25%":68.05,
        "50%":82.0,
        "75%":102.0,
        "max":400.0
    },
    "seats":{
        "count":7907.0,
        "mean":5.4167193626,
        "std":0.9595875202,
        "min":2.0,
        "25%":5.0,
        "50%":5.0,
        "75%":5.0,
        "max":14.0
    }
}